name_1,name_2,prediction,token_set_ratio,label,error
general electric co,enel electrical corp,False,True,0.0,False
carnegie,carnigie carnagie,True,False,1.0,False
day enterprises,ruffday enterprises,False,True,0.0,False
wolfgang woerndl,wolfgang worndl,True,True,1.0,False
envirotest systems corp,envirotest systems,False,True,1.0,True
stu zweben,stuart h zweben,True,True,1.0,False
advocates international,pacsat international,False,True,0.0,False
ueli m maurer,ueli maurer,True,True,1.0,False
pietro g morasso,pietro morasso,True,True,1.0,False
rotary international,rsr international,False,True,0.0,False
north carolina police benevolent association,south carolina police benevolent association,False,True,0.0,False
policemens benevolent association local 249,police benevolent association local 199,False,True,0.0,False
united church of christ,shalom united church of christ,False,True,0.0,False
wiltel inc,wtl inc,False,False,0.0,False
barbara lee d,pete stark d,False,False,0.0,False
minolta corp,atrion corp,False,False,0.0,False
introduce,inctroduce,True,True,1.0,False
allstate enterprises inc,elan enterprises inc,False,True,0.0,False
pennsylvania state bar association,pennsylvania cabaret association,False,True,0.0,False
sammons communications inc,nos communications inc,False,True,0.0,False
international brotherhood of police officers,international brotherhood of police officers loc,True,True,1.0,False
alvaro graves,alvaro graves fuenzalida,True,True,1.0,False
comark inc,kirchman corp,False,False,0.0,False
withheld,witheld,True,True,1.0,False
johan j lukkien,johan lukkien,True,True,1.0,False
raul r labrador r,raul labrador r,True,True,1.0,False
altria group inc,tierra group inc,False,False,0.0,False
acquire,adquire aquire,True,False,1.0,False
earthlink inc,racelink inc,False,False,0.0,False
actionaids inc,davis pontiac inc,False,False,0.0,False
mansfield and associates inc,selman associates inc,False,True,0.0,False
warnaco inc,abornacy inc,False,True,0.0,False
knife,knive,True,True,1.0,False
belief,beleif,True,True,1.0,False
canon usa inc,canoak usa inc,False,True,0.0,False
a sima etaner uyar,sima uyar,True,True,1.0,False
conqueror,conquerer,True,True,1.0,False
david obey d,julie lassa d,False,False,0.0,False
rural education association,alaska education association,False,True,0.0,False
sepracor inc,pasco inc,False,False,0.0,False
substances,subtances,True,True,1.0,False
atx communications inc,whitman communications,False,True,0.0,False
masturbation,masterbation,True,True,1.0,False
aqueduct,aquaduct,True,True,1.0,False
national rifle association,national rifle assoc,True,True,1.0,False
carl bloom associates inc,cabellon associates inc,False,True,0.0,False
connived,conived,True,True,1.0,False
league of women voters of seattle,league of women voters of fresno,True,True,0.0,True
california psychological association,louisiana psychological association,False,True,0.0,False
hertz,hertzs,True,True,1.0,False
texas civil justice league,texas civil justic league,False,True,1.0,True
cox enterprises inc,klaxon enterprises inc,False,True,0.0,False
consistent life,inlet fitness,False,False,0.0,False
hit singles,hitsingles,True,True,1.0,False
environment america,cameron ent,False,False,0.0,False
project 21,project 92,True,True,0.0,True
transformation,transformaton,False,True,1.0,True
private management inc,palmer management inc,False,True,0.0,False
bayer corporation,raer corporation,False,True,0.0,False
unsubstantiated,unsubstanciated,True,True,1.0,False
placer miners association,lencioni associates,False,False,0.0,False
joseph d horton,joseph douglas horton,True,True,1.0,False
veterans coalition,invesco international,False,False,0.0,False
backgrounds,backrounds,True,True,1.0,False
virginia beer wholesalers association,virginia wine wholesalers association,False,True,1.0,True
hasbro inc,bama warehouses inc,False,False,0.0,False
francisco j cantu,francisco j cantu ortiz,True,True,1.0,False
aerial,aeriel,True,True,1.0,False
j refugio vallejo gutierrez,refugio vallejo,False,True,1.0,True
crane co,oscar mclane,False,False,0.0,False
american red cross,damar resources inc,False,False,0.0,False
san fransisco medical society,san francisco dental society,True,False,0.0,True
apicha inc,capa inc,False,True,0.0,False
natso inc,stratton inc,False,False,0.0,False
convertibles,convertables,True,True,1.0,False
rotary international,roland realty international,False,True,0.0,False
sim united states of america,jhony united states of america,False,True,0.0,False
grinnell corporation,wenig corporation,False,True,0.0,False
attendants,attendents,True,True,1.0,False
federal circuit bar association,care first medical association,False,False,0.0,False
cintas corp,tasco inc,False,False,0.0,False
ralf koetter,ralf kotter,True,True,1.0,False
because,becouse beccause beacuse baceause becuase becasue,True,False,1.0,False
lci international inc,epc international inc,False,True,0.0,False
american dental education association,manatee education association,False,True,0.0,False
learn,leran,True,True,1.0,False
can manufacturers institute,can manufacturing institute,False,True,1.0,True
invertebrates,invertibrates,True,True,1.0,False
uniroyal inc,culinary co inc,False,False,0.0,False
rick larsen d,rick bart r,False,False,0.0,False
cigna corporation,marginer corporation,False,True,0.0,False
doing,donig doign,True,False,1.0,False
consumer specialty products association,consumer specialty products assoc,True,True,1.0,False
call america,armac llc,False,False,0.0,False
kraco enterprises inc,ranchwood enterprises inc,False,True,0.0,False
hd vest financial services,tdc financial services,False,True,0.0,False
oregon petroleum marketers association,montana petroleum marketers association,False,True,0.0,False
commonwealth,commonweath,True,True,1.0,False
knowledgeable,knowlegeable,True,True,1.0,False
discomfort,unconfortability,False,False,1.0,True
youth law center,la conte ruth,False,True,0.0,False
american international group inc,american internatl group,False,True,1.0,True
npr inc,nypr inc,True,True,0.0,True
asarco incorporated,pamco incorporated,False,True,0.0,False
plb industries inc,gulf industries inc,False,True,0.0,False
sbc communications inc,robinson communications inc,False,True,0.0,False
keith q t zhang,q t zhang,True,True,1.0,False
aircraft,airrcraft aircaft aicraft aircrafts,True,False,1.0,False
agreement,aggreement agreeement agreemnt,True,False,1.0,False
heartland institute,methanol institute,False,False,0.0,False
brunswick corporation,nebris corporation,False,True,0.0,False
credit suisse,elsee industries inc,False,False,0.0,False
charlie y shim,charlie yong sang shim,True,True,1.0,False
donlan enterprises inc,dhl enterprises inc,False,True,0.0,False
association of american publishers,assocaition of american publishers calpac,True,True,1.0,False
justice at stake,justice real estate,False,False,0.0,False
kent nowlin construction inc,link cowen construction,False,True,0.0,False
naral pro choice new york,naral pro choice ny,False,True,1.0,True
made corporation,combe incorporated,False,False,0.0,False
natso inc,nosa inc,False,False,0.0,False
beleaguered,beleagured,True,True,1.0,False
criticizing,critizing,True,True,1.0,False
american feed industry association,mercer island education association,False,False,0.0,False
controls,controlls,True,True,1.0,False
rafael m gasca,rafael martinez gasca,True,True,1.0,False
rodney p frelinghuysen r,rodney frelinghuysen r,True,True,1.0,False
remember,remeber,True,True,1.0,False
completed the,completedthe,True,True,1.0,False
national business aircraft association,national business aircraft,True,True,1.0,False
volunteers,volonteers volounteers,True,False,1.0,False
renato keshet,renato kresch,True,True,1.0,False
darden restaurants,grandys restaurant,False,False,0.0,False
home builders association of new york,home builders association of dalton,False,True,0.0,False
independent bankers association of texas,independant bankers association of texas,False,True,1.0,True
omega sales inc,delta gases inc,False,False,0.0,False
american international group inc,american international co,False,True,1.0,True
digital microwave corp stratex networks,steven gould j s gould family llc,False,False,0.0,False
imitating,immitating,True,True,1.0,False
visa inc,vals inc,False,False,0.0,False
nationsbank co,nationsbank corp,False,True,1.0,True
ensco international inc,composite international inc,False,True,0.0,False
emc corporation,merit corporation,False,True,0.0,False
emeco inc,emc inc,False,True,0.0,False
natso inc,saxtons inc,False,False,0.0,False
abro industries inc,pro pac industries,False,True,0.0,False
liquefy,liquify,True,True,1.0,False
league of women voters,bay area league of womens vot,False,False,0.0,False
boston edison co,boss ent inc,False,False,0.0,False
novartis seeds inc,seven stars inc,False,False,0.0,False
center for national policy,center for arizona policy,True,True,0.0,True
dryas,dyas,True,True,1.0,False
moment,moent,True,True,1.0,False
attributes,atributes,True,True,1.0,False
emilio mancini,emilio pasquale mancini,True,True,1.0,False
voice for adoption,roof depot inc,False,False,0.0,False
surreptitious,surrepetitious surreptious,True,False,1.0,False
sheraton international inc,casaor international inc,False,True,0.0,False
incrementally,incramentally,True,True,1.0,False
carmelite,carmalite,True,True,1.0,False
pott industries inc,toni industries inc,False,True,0.0,False
jackson education association,paterson education association,False,True,0.0,False
national consumer finance association,tx consumer finance association,False,True,0.0,False
purportedly,purpotedly,True,True,1.0,False
maria jose casany guerrero,maria jose casan guerrero,False,True,1.0,True
arizona credit union league inc,arizona credit union league,False,True,1.0,True
dan benishek r,jim slezak r,False,False,0.0,False
obsessed,obssessed,True,True,1.0,False
pennsylvania retailers association,pennsylvania medical association,False,True,0.0,False
japanese,japanes,True,True,1.0,False
javier bravo,javier bravo agapito,True,True,1.0,False
majority,marjority majoroty,True,False,1.0,False
maine medical association,miami medical associates,False,True,0.0,False
peter j roskam r,peter roskam r,True,True,1.0,False
ohio civil liberties union,maine civil liberties union,False,True,0.0,False
criticism,critisism,True,True,1.0,False
aclu of maryland,radol lc,False,False,0.0,False
lincoln institute,rincon institute,False,True,0.0,False
celanese corporation,eneco east incorporated,False,False,0.0,False
manoel g mendonca,manoel gomes de mendonca neto,True,True,1.0,False
atx communications inc,carr communications inc,False,True,0.0,False
agilent technologies inc,title technologies inc,False,True,0.0,False
clairol inc,alticore inc,False,False,0.0,False
texas association of school administrators,pontiac association of school administrators,False,True,0.0,False
ohio council of churches,the ohio council of churches,True,True,1.0,False
ron kind d,mark pocan d,False,False,0.0,False
cemeteries,cemetaries,True,True,1.0,False
court line,country lites,True,False,0.0,True
silbond corporation,mobil corporation,False,True,0.0,False
ashland oil inc,aerial holdings inc,False,False,0.0,False
north central airlines inc,north central industries inc,False,True,0.0,False
prabir k biswas,prabir kumar biswas,True,True,1.0,False
national sudden infant death syndrome foundation,sheet metal pac of local 265,False,False,0.0,False
ctw investment group,horizon west investment group llc,False,True,0.0,False
curtis langlotz,curtis p langlotz,True,True,1.0,False
association of electronic importers,torrance police officers association,False,False,0.0,False
collaborative,collaberative,True,True,1.0,False
atx communications inc,tar heel communications inc,False,True,0.0,False
bruce braley d,pat murphy d,False,False,0.0,False
american health care association,maine health care association,False,True,0.0,False
dallas alliance,alleinad llc,False,False,0.0,False
frank k hwang,frank kwang ming hwang,True,True,1.0,False
vassals,vasalls,True,True,1.0,False
advocates in action,action sod inc,False,False,0.0,False
bureaucracy,beaurocracy,True,True,1.0,False
inhabitants,inhabitans,True,True,1.0,False
lci international inc,citslinc international inc,False,True,0.0,False
william r keating d,william keating d,True,True,1.0,False
california federation of teachers,alliance federation of teachers,False,True,0.0,False
tom rice r,mal hyman d,False,False,0.0,False
swear,swaer,True,True,1.0,False
sheraton international inc,atr international,False,True,0.0,False
millennium,milennium millenium,True,False,1.0,False
mops international,emser international,False,True,0.0,False
syngenta crop protection,sygenta crop protection,False,True,1.0,True
receiving,receving recieving,True,False,1.0,False
passengers,pasengers,True,True,1.0,False
retrieve,retreive,True,True,1.0,False
colorado womens bar association,two colorado bankers association,False,True,0.0,False
national education association,national funeral directors association,False,True,0.0,False
marathon oil company,marathon oil company committee,True,True,1.0,False
transcendent,transcendant trancendent,True,False,1.0,False
guinness,guiness,True,True,1.0,False
christine largeron,christine largeron leteno,True,True,1.0,False
abbreviated,abreviated,True,True,1.0,False
annulled,anulled annuled,True,False,1.0,False
bob mungamuru,bobji mungamuru,True,True,1.0,False
jeb hensarling r,jeb hansarling r,True,True,1.0,False
accommodating,accomadating accomodating,True,False,1.0,False
louisiana hospital association,hospital association,False,True,0.0,False
linkedin corp,kidron inc,False,False,0.0,False
technicians,techicians,True,True,1.0,False
supposing,suposing,True,True,1.0,False
safari club international,lci international,False,True,0.0,False
american dental education association,caledonia education association,False,True,0.0,False
multipliers,multiplers,True,True,1.0,False
stb enterprises inc,mestre enterprises inc,False,True,0.0,False
joan mas,joan mas romeu,True,True,1.0,False
consumer action,amyx construction,True,False,0.0,True
sea land service,lander services,False,True,0.0,False
rutgers,outrageous waters,True,False,0.0,True
terrestrial,terrestial,True,True,1.0,False
mitch weintraub,mitchel weintraub,True,True,1.0,False
national club association,national beer association,False,True,0.0,False
queensland,queenland,True,True,1.0,False
pricewaterhousecoopers,price water house coopers,False,False,1.0,True
crown,crowm,True,True,1.0,False
satiric,satric,True,True,1.0,False
emile j c kelkboom,emile kelkboom,True,True,1.0,False
prima corporation,primogenitor corp,False,False,0.0,False
mark udall d,jared polis d,False,False,0.0,False
uniroyal inc,solutionary inc,False,False,0.0,False
allen west r,adam hasner r,False,False,0.0,False
texas bankers association,texas bankers associatio,False,True,1.0,True
allstate enterprises inc,sabel enterprises in,False,False,0.0,False
s v n vishwanathan,vishy vishwanathan,True,True,1.0,False
assassination,assassintation assosication assasination,True,False,1.0,False
directly,driectly,True,True,1.0,False
cornelis h slump,kees slump,True,False,1.0,False
generally,generaly,True,True,1.0,False
potomac electric power co,potomac electric power,False,True,1.0,True
liberty mutual insurance co,liberty mutual insurance co pac texas,False,True,1.0,True
pen american center,nexen tire america inc,False,False,0.0,False
control,controll,True,True,1.0,False
forfeit,forfiet,True,True,1.0,False
inmotion inc,national millwork inc,True,False,0.0,True
bay tankers inc,rak inc,False,False,0.0,False
new jersey education association,seward education association,False,True,0.0,False
time warner,american water,False,False,0.0,False
colonnade,collonade,True,True,1.0,False
government finance officers association,blankenship ballet company,False,False,0.0,False
altria group inc,altria group inc pac,False,True,1.0,True
new york state broadcasters association,new york state bankers association,False,True,0.0,False
cetus corporation,certes corporation,False,True,0.0,False
genealogical,geneological,True,True,1.0,False
ro khanna d,ron cohen r,True,False,0.0,True
essex group inc,lexen group inc,False,True,0.0,False
disposition,dispostion,True,True,1.0,False
lexmark international,hallmark international,False,True,0.0,False
created,creaeted,True,True,1.0,False
john conyers d,john conyers jr d,True,True,1.0,False
american association of health plans,virginia association of health plans,False,True,0.0,False
comprehensive,comphrehensive,True,True,1.0,False
inherently,inherantly,True,True,1.0,False
consumer alert,mena courts,False,False,0.0,False
eva altenbernd giani,eva giani,True,True,1.0,False
national association of wheat growers,national association of realtors,False,True,0.0,False
macromedia inc,carma inc,False,False,0.0,False
reminiscent,reminescent remenicent reminscent reminsicent,True,False,1.0,False
collective,colelctive,True,True,1.0,False
libertarian party of washington,libertarian party of iowa,False,True,0.0,False
colorado bar association,calabro association,False,False,0.0,False
flourish,fluorish,True,True,1.0,False
dimensions,dimenions dimentions,True,False,1.0,False
association of louisiana electric cooperatives inc,association of illinois electric cooperatives,True,True,0.0,True
connecticut retail merchants association,ct retail merchants association inc,False,True,1.0,True
alex doboli,alexa doboli,True,True,1.0,False
eduardo casilari,eduardo casilari perez,True,True,1.0,False
infact,aftco inc,False,False,0.0,False
national royalty owners association,national notary association,False,True,0.0,False
consumer action,turner communications,False,False,0.0,False
arguments,arguements,True,True,1.0,False
peloponnesus,peloponnes,True,True,1.0,False
recreational,recrational,True,True,1.0,False
national alliance for partnerships in equity,ireland realty management,False,False,0.0,False
pacific telesis group,pacific telesis group wash,False,True,1.0,True
arizona education association,caledonia education association,False,True,0.0,False
prison law office,pirayou law offices,False,True,0.0,False
nvidia corp,diva corp,False,True,0.0,False
ohio league of savings associations,idaho league of savings association,False,True,0.0,False
arid operations inc,aero sport inc,False,False,0.0,False
magnificent,magnificient,True,True,1.0,False
baker botts,baker botts,True,True,1.0,False
summit communications inc,cummings communications,False,True,0.0,False
traffic,trafic,True,True,1.0,False
decrees,decress,True,True,1.0,False
ceremonious,cerimonious,True,True,1.0,False
judicial,juducial judical,True,False,1.0,False
ron paul r,bill flores r,False,False,0.0,False
bayer corp,bartes corp,True,True,0.0,True
unilaterally,unilatreally unilateraly,True,False,1.0,False
scenic hudson inc,second housing co inc,False,False,0.0,False
the,tghe thge teh tje tjhe,True,False,1.0,False
ldds communications inc,4c communications inc,False,True,0.0,False
typical,typcial,True,True,1.0,False
terri a sewell d,terri sewell d,True,True,1.0,False
infact,fantastic fish,False,False,0.0,False
noticeably,noticably,True,True,1.0,False
exaggerate,exagerate exagerrate,True,False,1.0,False
mcmaster communications inc,ajs communications inc,False,True,0.0,False
comparable,comprable,True,True,1.0,False
mo brooks r,mark bray i,False,False,0.0,False
bruce graham,bruce p graham,True,True,1.0,False
hearst co,hearst corp,True,True,1.0,False
tongue,tounge,True,True,1.0,False
california attorneys for criminal justice,ca attorneys for criminal justice,True,True,1.0,False
contemporary,contempory contamporary contempoary,True,False,1.0,False
inclusion international,i international inc,False,True,0.0,False
subtraction,substraction,True,True,1.0,False
athenians,atheneans,True,True,1.0,False
magnolia,magolia,True,True,1.0,False
fleetguard inc,uc aft,False,False,0.0,False
california state bar,california state naacp,False,True,0.0,False
jose m sanchiz,jose miguel sanchiz marti,True,True,1.0,False
hearst co,chart house,True,False,0.0,True
holiday,holliday,True,True,1.0,False
john boehner r,tom poetter d,False,False,0.0,False
heredity,heridity,True,True,1.0,False
aligned,alligned,True,True,1.0,False
armco incorporated,mircon incorporated,False,True,0.0,False
united employers,cf industries employees,False,False,0.0,False
confides,confids,True,True,1.0,False
american international group inc,american international group emplo,True,True,1.0,False
tig insurance company,insurance company,False,True,0.0,False
american optometric association,virginia optometric association,False,True,0.0,False
already,allready alreayd aready,True,False,1.0,False
california franchise tax board,state of california franchise tax board,False,True,1.0,True
lutheran education association,paterson education association,False,True,0.0,False
shirley a becker,shirley ann becker,True,True,1.0,False
n v vinodchandran,n variyam vinodchandran,True,True,1.0,False
intelligent,inteligent,True,True,1.0,False
avco corporation,proac corporation,False,True,0.0,False
napco international inc,cryobanks international inc,False,True,0.0,False
atx communications inc,i communications inc,False,True,0.0,False
advocates international,sea watch international,False,False,0.0,False
atlas ventures,dels restaurant,False,False,0.0,False
facilities,facilites,True,True,1.0,False
inco ltd,iton llc,False,False,0.0,False
michael d muhlbaier,michael muhlbaier,True,True,1.0,False
silbond corporation,sybron corporation,False,True,0.0,False
wants,wnats whants,True,False,1.0,False
mediciny,mediciney,True,True,1.0,False
architects,archetects,True,True,1.0,False
sepracor inc,casper co,False,False,0.0,False
mpeg la llc,m3 eagle llc,False,False,0.0,False
misdemeanors,misdemenors misdameanors,True,False,1.0,False
kraco enterprises inc,enterprise snorac inc,False,True,0.0,False
international personnel management association,international management association,False,True,1.0,True
league,leage,True,True,1.0,False
service,sevice,True,True,1.0,False
canisters,cannisters,True,True,1.0,False
pennsylvania state troopers association,maine state troopers association,False,True,0.0,False
compassion international,lampson international,False,True,0.0,False
robert hurt r,frank wolf r,False,False,0.0,False
foretelling,fortelling,True,True,1.0,False
jose a moreno perez,jose andres moreno perez,True,True,1.0,False
times publishing company,rose publishing company,False,True,0.0,False
pregnancies,pregancies,True,True,1.0,False
generate,ganerate,True,True,1.0,False
jon barwise,k jon barwise,True,True,1.0,False
american club,cumbre inc,False,False,0.0,False
oklahoma cable television association,rim wheel svc,False,False,0.0,False
pete visclosky d,peter visclosky d,True,True,1.0,False
care net,katerine inc,False,False,0.0,False
vincent t y ng,vincent to yee ng,True,True,1.0,False
xo communications inc,xo communications llc,False,True,1.0,True
stb enterprises inc,bush enterprises inc,False,True,0.0,False
inaugurated,inagurated,True,True,1.0,False
altogether,alltogether,True,True,1.0,False
nsilco broadcasting corporation,sc coatings corporation,False,True,0.0,False
action apartment association,san antonio apartment association,False,True,0.0,False
disappearing,dissapearing,True,True,1.0,False
ernest w tollner,ernest william tollner,True,True,1.0,False
peninsular,penisular penninsular,True,False,1.0,False
fanaticism,fanatism,False,True,1.0,True
richard e neal d,richard neal d,True,True,1.0,False
naral pro choice new jersey,naral pro choice new jersey,False,True,1.0,True
public lands council,lulun oil inc,False,False,0.0,False
treehouse farms inc,petersen farms inc,False,True,0.0,False
richard granger,richard h granger,True,True,1.0,False
marriage,marrage marraige mariage,True,False,1.0,False
kiwanis international,main international,False,True,0.0,False
capital,captial,True,True,1.0,False
mamoun filali,mamoun filali amine,True,True,1.0,False
steven j vickers,steven vickers,True,True,1.0,False
rabea ameur boulifa,rabea boulifa,False,True,1.0,True
shire pharmaceuticals inc,sharp electric inc,False,False,0.0,False
urban mor,burr forman,False,False,0.0,False
san diego union,naiop san diego,False,True,0.0,False
cigna corporation,american ecology corporation,False,True,0.0,False
tim walz d,dan feehan d,False,False,0.0,False
state farm insurance co,fortier state farm insurance co,False,True,1.0,True
graceful,gracefull,True,True,1.0,False
broadly,broady,True,True,1.0,False
sovereign,soverign,True,True,1.0,False
amgen corporation,marginer corporation,False,True,0.0,False
tom rooney r,francis rooney r,False,True,0.0,False
expressed,exressed,True,True,1.0,False
angel fernando kuri morales,angel fernando kuri morales,False,True,1.0,True
premark international inc,pegmark international,False,True,0.0,False
residents,recidents,False,True,1.0,True
electrically,electricly,True,True,1.0,False
frank y shih,frank yeong chyang shih,True,True,1.0,False
pierce trading company,american trading company,False,True,0.0,False
candice s miller r,candice miller r,True,True,1.0,False
american international group inc,asian international group inc,False,True,0.0,False
abbreviation,abreviation,True,True,1.0,False
altnet,health stop inc,False,False,0.0,False
clearword communications group,ace communications group,False,True,0.0,False
south,sourth,True,True,1.0,False
new york state bar association,new york state bankers association,False,True,0.0,False
p raveendran,paramesran raveendran,True,True,1.0,False
cynthia m lummis r,cynthia lummis r,True,True,1.0,False
engineering,engeneering,True,True,1.0,False
amendment,ammendment admendment amendmant,True,False,1.0,False
real,rela,True,False,1.0,False
adam wuest inc,adams county winery,False,False,0.0,False
michael j prietula,michael prietula,True,True,1.0,False
jerrold l nadler d,jerrod nadler d,True,True,1.0,False
occasioned,ocasioned occassioned ocassioned,True,False,1.0,False
condemnation,comdemnation,True,True,1.0,False
bill keating d,william keating d,False,True,1.0,True
group,gropu,True,True,1.0,False
succeed,suceed,True,True,1.0,False
seattle times co,steve thomas electric,False,False,0.0,False
thiokol corporation,pilot corporation,False,True,0.0,False
engagement,engagment,True,True,1.0,False
maneuver,manuver,True,True,1.0,False
protuberances,protruberances,True,True,1.0,False
transition,transistion,True,True,1.0,False
macdermid inc,emc inc,False,False,0.0,False
montana hospital association,minn hospital association,False,True,0.0,False
easter seals inc,berline associates,False,False,0.0,False
time inc,m inc,False,True,0.0,False
circumcision,circumsicion,True,True,1.0,False
employs,imploys,True,True,1.0,False
rebound,rebounce,True,True,1.0,False
parliament,parliment,True,True,1.0,False
parents rights inc,atl enterprises inc,False,False,0.0,False
national automobile dealers association,minnesota automobile dealers association,False,True,0.0,False
fleet financial group inc,united financial group ltd,False,False,0.0,False
another,anohter,True,True,1.0,False
intel co,lipten co,True,False,0.0,True
stolle corporation,lodestar corporation,False,True,0.0,False
mysterious,mysterous misterious misteryous,True,False,1.0,False
national education association,caledonia education association,False,True,0.0,False
administered,adminstered,True,True,1.0,False
thoroughly,throughly,True,True,1.0,False
reason foundation,monarch foundations,False,False,0.0,False
c a s santos,celso alberto saibel santos,True,False,1.0,False
filofax incorporated,firo incorporated,False,True,0.0,False
harass,harras,True,True,1.0,False
alliance development fund,heartland development inc,False,False,0.0,False
alpha international,pala international inc,False,True,0.0,False
receives,recieves,True,True,1.0,False
american canoe association inc,korean americanacists associations inc,False,True,0.0,False
john lewis d,tom graves r,False,False,0.0,False
reached,reched,True,True,1.0,False
state insulation corp,alert insulation co,False,False,0.0,False
smelting,smealting,True,True,1.0,False
paternal involvement project,the law offices of kenneth s cannata p c,False,False,0.0,False
migration and refugee service,rutledge mortgage financial services,False,False,0.0,False
fred upton r,don cooney d,True,False,0.0,True
border action network,barter network inc,False,False,0.0,False
walther electric company,arc electric company,False,True,0.0,False
aesthetical,asthetical,True,True,1.0,False
recipient,recepient recipiant,True,False,1.0,False
puerto rican,puertorrican,True,True,1.0,False
immediately,emmediately immidately immediatly imediately immidiately immediatley,True,False,1.0,False
clark equipment company,marcy equipment co,False,False,0.0,False
new hampshire education association,memphis education association,False,True,0.0,False
intuitive,intutive,True,True,1.0,False
atari inc,aris optican,False,False,0.0,False
stb enterprises inc,rm enterprises inc,False,True,0.0,False
union asset management holding,south arkansas oral maxillofacial surgery,True,False,0.0,True
excerpt,exerpt,True,True,1.0,False
walker river paiute tribe,kelley kelley kelley sylvester irst name,False,False,0.0,False
summit communications inc,g curtis communications,False,True,0.0,False
golden rule insurance company,audrey moon insurance llc,False,False,0.0,False
dude ranchers association,united educators association,False,False,0.0,False
imation enterprises corp,amir enterprises inc,False,False,0.0,False
mike rogers r,dave camp r,False,False,0.0,False
bowater incorporated,trevarrow incorporated,False,False,0.0,False
volume,volumne,True,True,1.0,False
national council on alcoholism and drug dependence,national council on alcoholism and drug dependence south bay,False,True,1.0,True
storage technology corporation,aecom technology corporation,False,True,0.0,False
disciplined,disiplined,True,True,1.0,False
montana legal services association,ga financial services association,False,False,0.0,False
drumming,druming,True,True,1.0,False
easter seals inc,reese sales inc,False,True,0.0,False
american national county mutual insurance company,old american county mutual insurance company,False,True,0.0,False
share group inc,rjh group inc,False,True,0.0,False
michael emmerich,michael t m emmerich,True,True,1.0,False
subspecies,subpecies,True,True,1.0,False
rush holt d,eric beck r,False,False,0.0,False
ying dar jason lin,ying dar lin,True,True,1.0,False
david dreier r,david miller r,True,True,0.0,True
michigan regional council of carpenters,pacific nw regional council of carpenters,False,True,0.0,False
collaborations,colaborations,True,True,1.0,False
tennis player,tennisplayer,True,False,1.0,False
sunrise terrace inc,erie insurance,False,False,0.0,False
arvin industries inc,nl industries inc,False,True,0.0,False
correctors,correcters,True,True,1.0,False
televents inc,fr loesch investments,False,False,0.0,False
prerogative,perogative,True,True,1.0,False
balbir barn,balbir s barn,True,True,1.0,False
oak industries inc,picaso industries inc,False,True,0.0,False
coopers and lybrand,sanbord corp,False,False,0.0,False
chang jie tang,changjie tang,True,True,1.0,False
american stock yards association,ankrom moisan associated architects,False,False,0.0,False
assassinated,assasinated assasined,True,False,1.0,False
unaccompanied,unacompanied,True,True,1.0,False
arguably,argubly,True,True,1.0,False
allstate enterprises inc,titel enterprises inc,False,True,0.0,False
national rifle association,national sales inc,True,False,0.0,True
grace f napolitano d,grace napolitano d,True,True,1.0,False
montanans for limited terms,pennsylvania ohio south jersey joint board uni,False,False,0.0,False
capability,caperbility,True,True,1.0,False
bizarre,bizzare,True,True,1.0,False
abro industries inc,howard industries inc,False,True,0.0,False
sergio c b soares,sergio soares,True,True,1.0,False
bona shipping inc,spokane publishing inc,False,False,0.0,False
unknown,unkown,True,True,1.0,False
lci international inc,ric man international inc,False,True,0.0,False
myriad,myraid,True,True,1.0,False
concentrates,consentrates,True,True,1.0,False
consternation,constarnation,True,True,1.0,False
mops international,osp international,False,True,0.0,False
washington education association,mathews education association,False,True,0.0,False
alachua county democratic womens club,floyd county democratic womens club,False,True,0.0,False
accessible,accessable,True,True,1.0,False
apologetics,apolegetics,True,True,1.0,False
alpha international,philatron international,False,True,0.0,False
american council for the arts,american council of travel,False,True,0.0,False
receivership,recivership,True,True,1.0,False
royal electric inc,bay electric inc,False,True,0.0,False
riyaz sikora,riyaz t sikora,True,True,1.0,False
back,bcak bakc,True,False,1.0,False
military,miltary millitary miliary miliraty,True,False,1.0,False
octahedra,octohedra,False,True,1.0,True
reorganisation,reorganision,True,True,1.0,False
dorr business association,oregon business association,False,True,0.0,False
atx communications inc,jaye communications inc,False,True,0.0,False
palette,pallete,True,True,1.0,False
national association of social workers,pace national association of social workers,False,True,0.0,False
seizure,siezure,True,True,1.0,False
really,realyl realy raelly relaly,True,False,1.0,False
connecticut association for retarded children,beimdiek insurance agency,False,False,0.0,False
sbc communications inc,sbc commnications,False,True,1.0,True
joseph r pitts r,joseph pitts r,True,True,1.0,False
iowa state education association,seward education association,False,True,0.0,False
north carolina sheriffs association,north carolina forestry association,False,True,0.0,False
minuscule,miniscule,True,True,1.0,False
washington forest protection association,washington forest protection associationwfpa,False,True,1.0,True
minnesota federation of teachers,kean federation of teachers,False,True,0.0,False
dreyfus corporation,dreyfus corporation the,False,True,1.0,True
westlake transportation inc,allwest transportation inc,False,True,0.0,False
target corporation,ventura corporation,False,True,0.0,False
reinhold huber,reinhold huber mork,True,True,1.0,False
duplicate,dupicate,True,True,1.0,False
american crop protection association,american crop protection assoc,True,True,1.0,False
asset management company,antler amusement company,False,False,0.0,False
american communications association,american communications assn,True,True,1.0,False
law office of alan b exelrod,law office of brad bole,True,False,0.0,True
monika henzinger,monika rauch henzinger,True,True,1.0,False
rhythmic,rythmic rhytmic,True,False,1.0,False
national education association,national cal cont association,False,True,0.0,False
chemically,chemcially chemicaly,True,False,1.0,False
nestle usa inc,austeel inc,False,False,0.0,False
sander sandy levin d,sander levin d,False,True,1.0,True
unnecessary,unnecesary unecessary uneccesary unneccesary unneccessary,True,False,1.0,False
paid,paide payed,True,False,1.0,False
recommending,reccomending reccommending recomending,True,False,1.0,False
carnivorous,carniverous,True,True,1.0,False
robert dold r,robert j dold r,True,True,1.0,False
bob gibbs r,pat lang d,False,False,0.0,False
sandia corporation,datatimes corporation,False,True,0.0,False
hieroglyphs,hieroglphs,True,True,1.0,False
lively,livley,True,True,1.0,False
united teachers association los angeles,uniondale teachers associations,True,False,0.0,True
larvae,lavae,True,True,1.0,False
poets and writers inc,senator bob bennett election committee,False,False,0.0,False
olin corp,totorica plumbing,False,False,0.0,False
liberty alliance,itel inc,False,False,0.0,False
crosby group inc,cbrl group inc,False,True,0.0,False
key club international,k c international,False,True,0.0,False
anne sophie dewalle,anne sophie dewalle vignion,True,True,1.0,False
ami bera d,doug ose r,False,False,0.0,False
imitate,immitate,True,True,1.0,False
historians,historicians hsitorians,True,False,1.0,False
belo,bail house,True,False,0.0,True
commercial,commerical commericial,True,False,1.0,False
day enterprises,drh enterprises,False,True,0.0,False
illinois arts alliance,political housing club of northern kentucky,False,False,0.0,False
lincoln national corporation,omnics international corporation,False,False,0.0,False
national food processors association,national food processors associati,False,True,1.0,True
ann mclane kuster d,annie custer d,True,False,1.0,False
rigorous,rigourous,True,True,1.0,False
apparent,apparant aparent,True,False,1.0,False
contribute,contibute,True,True,1.0,False
incredible,incredable increadible,True,False,1.0,False
cox enterprises inc,dcl enterprises inc,False,True,0.0,False
embarrass,embarras embarass,True,False,1.0,False
irene cheng,l irene cheng,True,True,1.0,False
randall m randy hultgren r,randy hultgren r,True,True,1.0,False
cox enterprises inc,botruc enterprises inc,False,True,0.0,False
alma adams d,thomas mills d,False,False,0.0,False
california chamber of commerce,california black chamber of commerce,False,True,0.0,False
resurrect,ressurect,True,True,1.0,False
subcategory,subcatagory,True,True,1.0,False
commemorating,commemmorating,True,True,1.0,False
respectively,respectivly repectively repsectively,True,False,1.0,False
li zhu zhou,lizhu zhou,True,True,1.0,False
tig insurance company,surgan company inc,False,True,0.0,False
playboy enterprises inc,bedolla enterprises inc,False,True,0.0,False
playboy enterprises inc,polaris enterprises inc,False,True,0.0,False
international womens health organizations,national asian womens health organization,False,True,0.0,False
reliant energy,energy reclamation,False,False,0.0,False
criticisms,critisisms,True,True,1.0,False
sbc communications inc,cable communications inc,False,True,0.0,False
aca international,palace international,False,True,0.0,False
sounds,soudns,True,True,1.0,False
resistant,resistent,True,True,1.0,False
tig insurance company,auto insurance inc,False,False,0.0,False
succeeded,suceeded succeded succedded succceeded,True,False,1.0,False
altnet,trampler tony,False,False,0.0,False
guatemalan,guatamalan,True,True,1.0,False
southern national bank,frost national bank,False,True,0.0,False
geometers,geometricians,True,False,1.0,False
canon usa inc,nasco inc,False,False,0.0,False
american podiatric medical association,nevada podiatric medical association,False,True,0.0,False
abortifacient,abortificant,True,True,1.0,False
comedy central,conley cmte,True,False,0.0,True
heaviest,haviest,True,True,1.0,False
educational resource center,hwanghaedo association of greater washington,False,False,0.0,False
aloha airlines inc,aerial holdings inc,False,False,0.0,False
texas association of school boards,nebraska association of school boards,False,True,0.0,False
laurel house,col albert neuhauser,False,False,0.0,False
e c m noyons,ed c m noyons,True,True,1.0,False
frontier,froniter,True,True,1.0,False
florida hospital association,florida psychological association,False,True,0.0,False
slate gorup,alston group,False,False,0.0,False
drake homes inc,aed inc,False,False,0.0,False
software associates inc,story associates inc,False,True,0.0,False
idaho bar association,harbin association,False,True,0.0,False
florida eduation association,caledonia education association,False,False,0.0,False
path associates,pma associates,True,True,0.0,True
caring,careing,True,True,1.0,False
mineral,minerial,True,True,1.0,False
rodale press inc,landscape growers inc,False,False,0.0,False
colonies,collonies,True,True,1.0,False
infiltrate,infilitrate,True,True,1.0,False
iris gaber,iris gaber rosenblum,True,True,1.0,False
omega communications inc,jaye communications inc,False,True,0.0,False
fundamental,fundametal,True,True,1.0,False
transferring,transfering,True,True,1.0,False
paul d tonko d,paul tonko d,True,True,1.0,False
muckleshoot indian tribe,indian tribe muckleshoot,False,True,0.0,False
janny leung,janny may yee leung,True,True,1.0,False
following,folowing follwoing,True,False,1.0,False
survivors for justice,savannah grande reception conf center,False,False,0.0,False
mci communications inc,capital communications inc,False,True,0.0,False
creative direct marketing international,condominiums at,True,False,0.0,True
national general corporation,tage inn corporation,False,False,0.0,False
commissioned,comisioned commisioned comissioned,True,False,1.0,False
pioneered,pinoneered,True,True,1.0,False
amer of michigan,home care of michigan,True,True,0.0,True
histocompatibility,histocompatability,True,True,1.0,False
atx communications inc,lmc communications inc,False,True,0.0,False
lethal,leathal,True,True,1.0,False
alabama press association,alabama beer association,False,True,0.0,False
deteriorated,deteoriated,True,True,1.0,False
godunov,godounov,True,True,1.0,False
american nuclear insurers,american natural resources,False,False,0.0,False
americna statistical association,american acists association,False,False,0.0,False
hd vest financial services,p d financial services,False,True,0.0,False
planned,planed,True,True,1.0,False
satellite,satelite sattelite,True,False,1.0,False
recurrence,recurrance reoccurrence,True,False,1.0,False
arkansas bankers association,kansas state bankers association,False,True,0.0,False
cytec industries inc,lctm industries inc,False,True,0.0,False
m r darafsheh,mohammad reza darafsheh,True,True,1.0,False
pollution,polution,True,True,1.0,False
statesman,stateman,True,True,1.0,False
sistine,sixtin,True,True,1.0,False
journal communications inc,nu way communications inc,False,True,0.0,False
pan american life insurance co,american aid life insurance co,False,True,0.0,False
day enterprises,zarda enterprises,False,True,0.0,False
teach for america inc,acramac inc,False,False,0.0,False
national council of engineering examiners,american consulting engineers council of new mexico,False,False,0.0,False
danners inc,res inc,False,False,0.0,False
electric industries association,electric gas industries association,False,True,0.0,False
michigan trial lawyers association,michigan trial lawyers assoc,True,True,1.0,False
victor santibanez,victor santibanez,True,True,1.0,False
aca international,iq data international inc,False,True,0.0,False
washington state medical association,washington state bail association,False,True,0.0,False
summary,sumary,True,True,1.0,False
idiosyncratic,ideosyncratic,True,True,1.0,False
atheism,athiesm,True,True,1.0,False
hearst cooperation,astech corporation,False,False,0.0,False
nelson l s da fonseca,nelson luis saldanha da fonseca,True,True,1.0,False
kraco enterprises inc,research proteins inc,False,False,0.0,False
enthusiastic,enthusiatic,True,True,1.0,False
millennial,millenial,True,True,1.0,False
walther electric company,lakey electric company,False,True,0.0,False
lucent technologies inc,neotic technologies inc,False,True,0.0,False
day enterprises,daka enterprises,False,True,0.0,False
david koes,david ryan koes,True,True,1.0,False
refrigeration,refridgeration,True,True,1.0,False
westlake transportation inc,best transportation inc,False,True,0.0,False
v a luchnikov,valeriy luchnikov,True,True,1.0,False
entergy corp,tire energy corp,False,True,0.0,False
swimming,swiming,True,True,1.0,False
djamel a zighed,djamel abdelkader zighed,True,True,1.0,False
john h breck inc,rebco inc,False,False,0.0,False
american catholic correctional chaplains association,national electrical contractors association ohio michigan chapter,False,False,0.0,False
necessities,neccessities,True,True,1.0,False
hepatitis c association,ohio acists association,False,False,0.0,False
nokia inc,oin inc,False,False,0.0,False
economy,eceonomy,True,True,1.0,False
hieroglyph,hieroglph,True,True,1.0,False
advertisements,advertisments,True,True,1.0,False
consecutive,consectutive,True,True,1.0,False
discovers,dicovers,True,True,1.0,False
texas wildlife association,westfall association,False,False,0.0,False
accidentally,accidently accidentaly,True,False,1.0,False
specialty research associates inc,applied research associates inc,False,True,0.0,False
diamonds,diamons,True,True,1.0,False
government finance officers association,mac neil harry,False,False,0.0,False
carnegie mellon,carnigie mellon carnagie mellon,True,False,1.0,False
marta c rosatelli,marta costa rosatelli,True,True,1.0,False
inheritance,inheritence,True,True,1.0,False
american civil liberties union fund of michigan,lopez and moorer trust,False,False,0.0,False
peerless importers inc,sel enterprises inc,False,False,0.0,False
organization,organiztion,True,True,1.0,False
schouten usa inc,us south inc,False,True,0.0,False
kiyoko f aoki,kiyoko f aoki kinoshita,True,True,1.0,False
ohio municipal league,oklahoma municipal league,False,True,0.0,False
relationship,relatiopnship,True,True,1.0,False
linnaean,linnaena,False,True,1.0,True
virginia association of chiefs of police,friends of jason woodruff,False,False,0.0,False
south dakota education association,southeast education association,False,True,0.0,False
miscellaneous,miscelaneous miscellanious miscellanous,True,False,1.0,False
manoeuvres,maneouvres,True,True,1.0,False
enhancement,enchancement,True,True,1.0,False
imbalance,inbalance,True,True,1.0,False
correspondent,corrispondant correspondant,True,False,1.0,False
beginnings,begginings,True,True,1.0,False
homart development co,thomas development co,False,True,0.0,False
dirk c mattfeld,dirk christian mattfeld,True,True,1.0,False
center for criminal justice,ca attorneys for criminal justice,True,True,0.0,True
interchangeably,interchangably,True,True,1.0,False
new yorker,wehner york,False,False,0.0,False
all india,palladia inc,False,False,0.0,False
embarrassing,embarassing embarrasing,True,False,1.0,False
new hampton inc,w b hampton inc,False,True,0.0,False
pegasus engineering inc,sea pac engineering inc,False,True,0.0,False
recognized,reconized,True,True,1.0,False
sepracor inc,sintra corp,False,False,0.0,False
syphilis,syphyllis,True,True,1.0,False
american financial services association,ga financial services association,False,True,0.0,False
latinojustice puerto rican legal defense and education fund inc,hays murrury caster llp,False,False,0.0,False
necessarily,neccesarily necesarily nessasarily neccessarily,True,False,1.0,False
marex international inc,haste international inc,False,True,0.0,False
exceedingly,exeedingly,True,True,1.0,False
ideologies,idealogies,True,True,1.0,False
facilitated,faciliated,True,True,1.0,False
pursuits,persuits,True,True,1.0,False
subsidiary,subsidary subsiduary,True,False,1.0,False
regards,regardes,True,True,1.0,False
natso inc,stancorp inc,False,False,0.0,False
genetics international,pts international inc,False,True,0.0,False
atlantic richfield,atlantic richfield coarco,False,True,1.0,True
authoritative,authoritive authorative,True,False,1.0,False
portrait,potrait portait,True,False,1.0,False
pronunciation,pronounciation,True,True,1.0,False
speech,speach sprech,True,False,1.0,False
bormans inc,mars inc,False,False,0.0,False
american railroads,assn of american railroads,False,True,0.0,False
dan burton r,todd rokita r,False,False,0.0,False
unwieldy,unweildly unwieldly,True,False,1.0,False
gc service company inc,a 1 service company inc,False,True,0.0,False
trafficked,trafficed,True,True,1.0,False
international association of scientific,international association of f,True,True,0.0,True
misdemeanor,misdemenor misdameanor,True,False,1.0,False
take,tkae,True,False,1.0,False
calendars,calenders,True,True,1.0,False
